epoch,loss,step
0,0.9164754748344421,49
0,0.7741613388061523,99
0,0.7138981819152832,149
1,0.7076200246810913,199
1,0.6982412338256836,249
1,0.6973618865013123,299
