epoch,loss,step
3,0.8573565483093262,49
6,0.7503874897956848,99
9,0.7140191793441772,149
12,0.6887794733047485,199
15,0.678871214389801,249
18,0.6951550841331482,299
