epoch,loss,step
3,0.8400165438652039,49
6,0.7523562908172607,99
9,0.704049825668335,149
12,0.6926111578941345,199
15,0.6952949166297913,249
18,0.6837090849876404,299
