epoch,loss,step
3,0.8661132454872131,49
6,0.7394703030586243,99
9,0.7067944407463074,149
12,0.6951314806938171,199
15,0.6928024888038635,249
18,0.6885733604431152,299
